"KEY","C","F","H","Time"
"-M_uyS6XQnRTLECvWNkF","32","89.599998","49","1621285661"
"-M_uyST64Il-so83lRAt","32","89.599998","49","1621285662"
"-M_uySocjMRjNq9CU_Cp","32","89.599998","49","1621285664"
"-M_uyTADZMbKwHBaMw6C","32","89.599998","49","1621285665"
"-M_uyTWkL2htWvRz3f3s","32","89.599998","49","1621285666"
"-M_uyTsLZxlyX4PdT0lm","32","89.599998","49","1621285668"
"-M_uyUDvwcEWwFZe2GwE","32","89.599998","49","1621285669"
"-M_uyU_Xq1iuD_VfLqb4","32","89.599998","49","1621285671"
"-M_uyUw2FwG7pnzos8RC","32","89.599998","49","1621285672"
"-M_uyVHZoxzPtqoHSoBi","32","89.599998","49","1621285674"
"-M_uyVd9XDjSkJt4rm-H","32","89.599998","49","1621285675"
"-M_uyVzk6x0Krrozahnc","32","89.599998","49","1621285677"
"-M_uyWLQU-p__hs1iO-K","32","89.599998","49","1621285678"
"-M_uyWh2JAkX_ZBGsQzj","32","89.599998","49","1621285679"
"-M_uyX2cZSF6vTo0_-MH","32","89.599998","49","1621285681"
"-M_uyXP9mqelxfHzu1dj","32","89.599998","49","1621285682"
"-M_uyXkhh0KoS34aNQ4m","32","89.599998","49","1621285684"
"-M_uyY6FfSTtxtVKccvF","32","89.599998","49","1621285685"
"-M_uyYSlpOa9cTh8c-PZ","32","89.599998","49","1621285687"
"-M_uyYoKmBZjrDqdtygD","32","89.599998","49","1621285688"
"-M_uyZ9rMyw2HTz6ZEgs","32","89.599998","49","1621285690"
"-M_uyZrgmzZBPFLahC1k","32","89.599998","49","1621285691"
"-M_uy_DCE1PCGkZBPOMA","32","89.599998","49","1621285694"
"-M_uy_ZlRHaqb8zNToTs","32","89.599998","49","1621285695"
"-M_uy_vGSEBl4UPs4jdX","32","89.599998","49","1621285697"
"-M_uyaGlK0QgoWi-5jC1","32","89.599998","49","1621285698"
"-M_uyacFL4xuGREBmslT","32","89.599998","49","1621285700"
"-M_uyayqNfc65XKqbwp4","32","89.599998","49","1621285701"
"-M_uybQpqccL0RdG0ElB","32","89.599998","49","1621285703"
"-M_uybmL0oBzXf8kW2tg","32","89.599998","49","1621285704"
"-M_uyc7pIVH1uEpOJduI","32","89.599998","49","1621285706"
"-M_uycUL9zbzIXPFRoYK","32","89.599998","49","1621285707"
"-M_uycpqDIn2pQZ5Dctf","32","89.599998","49","1621285709"
"-M_uydBMPfqHOp1UByiw","32","89.599998","49","1621285710"
"-M_uydZTTGPieSCvjq5U","32","89.599998","49","1621285712"
"-M_uyduyqOO-vHzsZTkd","32","89.599998","49","1621285713"
"-M_uyeGSJwAIOb1f25ke","32","89.599998","49","1621285714"
"-M_uyebzJQi9niOl96rw","32","89.599998","49","1621285716"
"-M_uyeyTR0UtRzCva4xg","32","89.599998","49","1621285717"
"-M_uyfJzeRvZTTNmfsuA","32","89.599998","49","1621285719"
"-M_uyffUopO4Pp4lRzU-","32","89.599998","49","1621285720"
"-M_uyg0zOF6W76pDIY7f","32","89.599998","49","1621285722"
"-M_uygNW6NaI436-Uqj_","32","89.599998","49","1621285723"
"-M_uygj1wOsDLtY5rdLL","32","89.599998","49","1621285725"
"-M_uyh4XOYlRvAxYprg0","32","89.599998","49","1621285726"
"-M_uyhR0mJBL2_OdRmzW","32","89.599998","49","1621285727"
"-M_uyhmWROUllkf4lH9O","32","89.599998","49","1621285729"
"-M_uyi80M4UKE0GQ2I2f","32","89.599998","49","1621285730"
"-M_uyiUZqF2Pv_FZ4WPp","32","89.599998","49","1621285732"
"-M_uyiq2b7M2H0q00NDi","32","89.599998","49","1621285733"
"-M_uyjBZnKPPwk9xFkh-","32","89.599998","49","1621285735"
"-M_uyjY2YWoXLpK3YjRN","32","89.599998","49","1621285736"
"-M_uyjtZYT7YSZvmofRO","32","89.599998","49","1621285738"
"-M_uykF4F6W6Tl6eWTk-","32","89.599998","49","1621285739"
"-M_uykaaN3uS8OfXuhyO","32","89.599998","49","1621285740"
"-M_uykx6WvUFNJEyMdEc","32","89.599998","49","1621285742"
"-M_uylIc4GENujpME4Pn","32","89.599998","49","1621285743"
"-M_uyle8U4WhkoztkmMI","32","89.599998","49","1621285745"
"-M_uym-eFnzCQ8lMICm9","32","89.599998","49","1621285746"
"-M_uymM918fLVKQbY94F","32","89.599998","49","1621285748"
"-M_uymhdGy2uCBpNpsIW","32","89.599998","49","1621285749"
"-M_uyn38SavE5gbT5FB3","32","89.599998","49","1621285751"
"-M_uyniqgxzAEn2pz6YV","32","89.599998","49","1621285752"
"-M_uyo4YD-4ZuiecoJEw","32","89.599998","49","1621285755"
"-M_uyoR3fSTzGPbThFeN","32","89.599998","49","1621285756"
"-M_uyomXC2JiNMW461l7","32","89.599998","49","1621285758"
"-M_uyp82OZubOSCMvBAc","32","89.599998","49","1621285759"
"-M_uypUZqcIMjy6_xprK","32","89.599998","49","1621285760"
"-M_uypq4B6SRX-TuLjkm","32","89.599998","49","1621285762"
"-M_uyqBd076ceyQcHbIn","32","89.599998","49","1621285763"
"-M_uyqYBymp9laxNyjAe","32","89.599998","49","1621285765"
"-M_uyqthwaoSpadhdwVC","32","89.599998","49","1621285766"
"-M_uyrFFA8-vDyC62awW","32","89.599998","49","1621285768"
"-M_uyrathpCpae6qYzmJ","32","89.599998","49","1621285769"
"-M_uyrxN_HtaJt1gBDjK","32","89.599998","49","1621285771"
"-M_uysJa1CLbGrVtdPVd","32","89.599998","49","1621285773"
"-M_uysf4SSUMeMmjZGWV","32","89.599998","49","1621285774"
"-M_uyt0ey9FGiL3VUX4e","32","89.599998","49","1621285775"
"-M_uytNBI2dOpm2cyAuH","32","89.599998","49","1621285777"
"-M_uytih1uuYtbuy_isf","32","89.599998","49","1621285778"
"-M_uyu49-OKZlqonWqPz","32","89.599998","49","1621285780"
"-M_uyuQecudtdPrlwRVk","32","89.599998","49","1621285781"
"-M_uyumEsesiCp7HQ_bv","32","89.599998","49","1621285783"
"-M_uyv7iyMvElGC2FMuc","32","89.599998","49","1621285784"
"-M_uyvUEI6cjMnarDJVo","32","89.599998","49","1621285786"
"-M_uyvpheu7A4PcriYR_","32","89.599998","49","1621285787"
"-M_uywBFnetkPTQDXpgZ","32","89.599998","49","1621285788"
"-M_uywXk7ADwmYA5Rfad","32","89.599998","49","1621285790"
"-M_uywtG33YD8W8lDpze","32","89.599998","49","1621285791"
"-M_uyxErSkX-UFUfANYC","32","89.599998","49","1621285793"
"-M_uyxaOFgBnvyc-lFKJ","32","89.599998","49","1621285794"
"-M_uyxwtzMWNdL6Ks6UN","32","89.599998","49","1621285796"
"-M_uyyIQ2oq68gRQIEaD","32","89.599998","49","1621285797"
"-M_uyydvHmyDwOJJB_Xg","32","89.599998","49","1621285798"
"-M_uyz-RLIcKUD30RZCi","32","89.599998","49","1621285800"
"-M_uyzLxZWZsRcfdSrOR","32","89.599998","49","1621285801"
"-M_uyzhSQUXyDZ68vQzp","32","89.599998","49","1621285803"
"-M_uz-2wfHDiM-YxCYq2","32","89.599998","49","1621285804"
"-M_uz-PSIbnvpH5DB6Hg","32","89.599998","49","1621285806"
"-M_uz-kwj4OfMM655P9V","32","89.599998","49","1621285807"
"-M_uz06SIzrN_5Lt5ga5","32","89.599998","49","1621285809"
"-M_uz0SzpT4NRSa3NTwS","32","89.599998","49","1621285810"
"-M_uz0oWz0xLfNlE8D_k","32","89.599998","49","1621285811"
"-M_uz1A1q391_PbU7U3g","32","89.599998","49","1621285813"
"-M_uz1pKFQWETpv1__sS","32","89.599998","49","1621285814"
"-M_uz2CZ15z8cBURfLB8","32","89.599998","49","1621285817"
"-M_uz2Z780z9wMZIPWgA","32","89.599998","49","1621285819"
"-M_uz2udSMTHcM3qkzQl","32","89.599998","49","1621285820"
"-M_uz3GDdFdfoB7HN1EF","32","89.599998","49","1621285821"
"-M_uz3bjMIhywLz_6td0","32","89.599998","49","1621285823"
"-M_uz3yJ6cnXptt4qrfI","32","89.599998","49","1621285824"
"-M_uz4JogUFfWXodCq1K","32","89.599998","49","1621285826"
"-M_uz4fLdn8TwULwxU3Z","32","89.599998","49","1621285827"
"-M_uz50sq-GMIvRgYVV2","32","89.599998","49","1621285829"
"-M_uz5NOa8KM7AyjTKyU","32","89.599998","49","1621285830"
"-M_uz5iwygqImQtdEQNT","32","89.599998","49","1621285832"
"-M_uz655C2TkseQpnDhO","32","89.599998","49","1621285833"
"-M_uz6RcTR0q8tLVuvo5","32","89.599998","49","1621285834"
"-M_uz6nAvhocKYeRnu2k","32","89.599998","49","1621285835"
"-M_uz78h9O4rV_xeuLWw","32","89.599998","49","1621285837"
"-M_uz7VG6K8uPlD8AieH","32","89.599998","49","1621285838"
"-M_uz8BkUw03t_FqlnAI","32","89.599998","49","1621285840"
"-M_uz8YIl34pPUzZ-06k","32","89.599998","49","1621285843"
"-M_uz8tp4cO-QyDbo3p8","32","89.599998","49","1621285844"
"-M_uz9FN52rdiQ6ELqZW","32","89.599998","49","1621285846"
"-M_uz9auJgvW00EqVSJ2","32","89.599998","49","1621285847"
"-M_uz9xUFAU9XYb-UMHS","32","89.599998","49","1621285848"
"-M_uzAJ0Vqb9P1SQ8GM3","32","89.599998","49","1621285850"
"-M_uzAeZt3t8yv3pZcZ4","32","89.599998","49","1621285851"
"-M_uzB08fol7CJn2O57m","32","89.599998","49","1621285853"
"-M_uzBMj1MnRxtdd5-m6","32","89.599998","49","1621285854"
"-M_uzBiJZdYhsTmu8nDc","32","89.599998","49","1621285856"
"-M_uzC3tcBHcEbzkMaT3","32","89.599998","49","1621285857"
"-M_uzCQQ5L6-admTMwq-","32","89.599998","49","1621285858"
"-M_uzCm1UnpvWdWh7P_4","32","89.599998","49","1621285860"
"-M_uzD7di00EZOnRkiZc","32","89.599998","49","1621285861"
"-M_uzDUElNnjmE777pwa","32","89.599998","49","1621285863"
"-M_uzDpmXIHPUFW6bcjD","32","89.599998","49","1621285864"
"-M_uzEBMpxMWe41Ue2Uk","32","89.599998","49","1621285866"
"-M_uzEXvkXCxMcI0Armt","32","89.599998","49","1621285867"
"-M_uzEtWNIyR5TyEq9ck","32","89.599998","49","1621285869"
"-M_uzFF3zQjLOiUxygI0","32","89.599998","49","1621285870"
"-M_uzFwhupTCEupKE-pp","32","89.599998","49","1621285872"
"-M_uzGIAZykpLMG2tZ8d","32","89.599998","49","1621285874"
"-M_uzGdcaA5yopwQaT0G","32","89.599998","49","1621285876"
"-M_uzH-4mcDHaxctOGzP","32","89.599998","49","1621285877"
"-M_uzHLXziGiVCOiHhrt","32","89.599998","49","1621285879"
"-M_uzHgyD5QQHhBxj81R","32","89.599998","49","1621285880"
"-M_uzI2NYo1SYRuK5jh4","32","89.599998","49","1621285882"
"-M_uzIOqY5Mwb2VdyQQ8","32","89.599998","49","1621285883"
"-M_uzIkHbOoIhNqj3U1d","32","89.599998","49","1621285884"
"-M_uzJ5kFpaBcLfPp005","32","89.599998","49","1621285886"
"-M_uzJSDLMjEZV46WbqQ","32","89.599998","49","1621285887"
"-M_uzK4hlQsI9skd-c6D","32","89.599998","49","1621285889"
"-M_uzKSSvBNrxqrskXkG","32","89.599998","49","1621285891"
"-M_uzKoZ9_SCJTdtngMl","32","89.599998","49","1621285894"
"-M_uzL9zzLFgnp-wXTDM","32","89.599998","49","1621285895"
"-M_uzLWQAVHI0ynpc1cJ","32","89.599998","49","1621285896"
"-M_uzLrpVcRiA1I5JFJ9","32","89.599998","49","1621285898"
"-M_uzMDHRmwu1p2XSYII","32","89.599998","49","1621285899"
"-M_uzMZihq9aumic5v3-","32","89.599998","49","1621285901"
"-M_uzMvCooxfo_1LjB-0","32","89.599998","49","1621285902"
"-M_uzNGgMwjhKMGGf3GJ","32","89.599998","49","1621285904"
"-M_uzNc9N_Q-MJKKSpjE","32","89.599998","49","1621285905"
"-M_uzNychnszfFaWvxM-","32","89.599998","49","1621285906"
"-M_uzOK4XHDbjBp_5pwO","32","89.599998","49","1621285908"
"-M_uzOfYSaiVE5L_xmS2","32","89.599998","49","1621285909"
"-M_uzP108u1pJteVoOxa","32","89.599998","49","1621285911"
"-M_uzPNSjHWRNjjgbDjT","32","89.599998","49","1621285912"
"-M_uzPj-9k4TZC3J2RU2","32","89.599998","49","1621285914"
"-M_uzQ4SXdlrKROuCkZK","32","89.599998","49","1621285915"
"-M_uzQQvhlaThPM24chc","32","89.599998","49","1621285917"
"-M_uzQmNanNn-YE-u5dI","32","89.599998","49","1621285918"
"-M_uzR7oDnDdt3ITx658","32","89.599998","49","1621285919"
"-M_uzRUEYf6XC2yi0JGG","32","89.599998","49","1621285921"
"-M_uzRpgvhgNzUvwCJVo","32","89.599998","49","1621285922"
"-M_uzSB7lH8SYu87LCCb","32","89.599998","49","1621285924"
"-M_uzSX_jwXU_-39knoo","32","89.599998","49","1621285925"
"-M_uzSt0dReGplyXmyyJ","32","89.599998","49","1621285927"
"-M_uzTEV_oVac-fQypPz","32","89.599998","49","1621285928"
"-M_uzT_z-4z9F71101ko","32","89.599998","49","1621285929"
"-M_uzTwQw0JloJn7vt35","32","89.599998","49","1621285931"
"-M_uzUHqGno8eV7ryuog","32","89.599998","49","1621285932"
"-M_uzUdLQb5utonJH7GB","32","89.599998","49","1621285934"
"-M_uzUzlYuC2W1VXJopm","32","89.599998","49","1621285935"
"-M_uzVLD3mIYj6YfA1uV","32","89.599998","49","1621285937"
"-M_uzVgdq45b30xbNvim","32","89.599998","49","1621285938"
"-M_uzW27PJexBapG2JTe","32","89.599998","49","1621285940"
"-M_uzWOaydNOiM6Lcm2I","32","89.599998","49","1621285941"
"-M_uzWk16MgGQxy3-is7","32","89.599998","49","1621285942"
"-M_uzX5_WeNxShplW8kH","32","89.599998","49","1621285944"
"-M_uzXS1D1AZfUS8Vlkb","32","89.599998","49","1621285945"
"-M_uzXnUj7bLKiAtinsv","32","89.599998","49","1621285947"
"-M_uzY8xnyWq9YQFpKNO","32","89.599998","49","1621285948"
"-M_uzYVP-ooHOkeomF-9","32","89.599998","49","1621285950"
"-M_uzYqtzTXo5icdLr4Z","32","89.599998","49","1621285951"
"-M_uzZCKmG14pv4J1yWa","32","89.599998","49","1621285952"
"-M_uzZZTPKp6EulJx6ZH","32","89.599998","49","1621285954"
"-M_uzZuvCh353EZZXw6H","32","89.599998","49","1621285955"
"-M_uz_GMtqaUp_DUzF-_","32","89.599998","49","1621285956"
"-M_uz_bnBWwHVuJvkp7I","32","89.599998","49","1621285958"
"-M_uz_yF6zryALU6ElWe","32","89.599998","49","1621285959"
"-M_uzaJgXhfcLOLBVWfa","32","89.599998","49","1621285961"
"-M_uzafAPPxiuHC5floY","32","89.599998","49","1621285962"
"-M_uzb0dbsY8Wl8UOOpa","32","89.599998","49","1621285964"
"-M_uzbN5ecfDOpkyhucn","32","89.599998","49","1621285965"
"-M_uzbiZumox9PPIphF_","32","89.599998","49","1621285966"
"-M_uzc4-XKhti_ncuVIq","32","89.599998","49","1621285968"
"-M_uzcQQZtYuC0WAuPWF","32","89.599998","49","1621285969"
"-M_uzclqduPipvhmfhFP","32","89.599998","49","1621285971"
"-M_uzd7HssYudm8AfPOQ","32","89.599998","49","1621285972"
"-M_uzdTjDn9aeWxgPyaz","32","89.599998","49","1621285974"
"-M_uzdpBjBl0zINeAwUR","32","89.599998","49","1621285975"
"-M_uzeAdCYItMloraTrh","32","89.599998","49","1621285977"
"-M_uzeX4YLI8P_FmF0pi","32","89.599998","49","1621285978"
"-M_uzesVTnzNSSvsBH3y","32","89.599998","49","1621285979"
"-M_uzfDyRzJaHzuYgKVi","32","89.599998","49","1621285981"
"-M_uzf_SPgvWkISz-VwF","32","89.599998","49","1621285982"
"-M_uzgHCXvEphkKsSMYQ","32","89.599998","49","1621285984"
"-M_uzgci1MndJMQieuye","32","89.599998","49","1621285987"
"-M_uzgzBnjO1w6cirmet","32","89.599998","49","1621285988"
"-M_uzhKeXOI1ZP7EbIy3","32","89.599998","49","1621285989"
"-M_uzhg5ohsNuJKOK63r","32","89.599998","49","1621285991"
"-M_uzi1X3EWPapiE701F","32","89.599998","49","1621285992"
"-M_uziNxQWcdmYqD9lyL","32","89.599998","49","1621285994"
"-M_uzijOvdSjThLPtuql","32","89.599998","49","1621285995"
"-M_uzj4qLOpjoSM28DQv","32","89.599998","49","1621285997"
"-M_uzjRM6ISuepNLCcOQ","32","89.599998","49","1621285998"
"-M_uzjmnmoB8LrHnvOwO","32","89.599998","49","1621286000"
"-M_uzk8GDm6wKu80Wpsp","32","89.599998","49","1621286001"
"-M_uzkUkk4bJskUPMFqc","32","89.599998","49","1621286002"
"-M_uzkqBsFp7l-jY5qjd","32","89.599998","49","1621286004"
"-M_uzlBbywuDwEGDwLLi","32","89.599998","49","1621286005"
"-M_uzlpR2cHnsstkIi5a","32","89.599998","49","1621286008"
"-M_uzmB8j4M-MgdjsN6T","32","89.599998","49","1621286009"
"-M_uzmXoHFms_SkK2M8u","32","89.599998","49","1621286011"
"-M_uzmtYjMjQzT5fJRj9","32","89.599998","49","1621286012"
"-M_uznFq_vv7bFzJJ-ZK","32","89.599998","49","1621286014"
"-M_uznbW8OPfQLeKLJYp","32","89.599998","49","1621286015"
"-M_uznyEfgQO8UL-IFH_","32","89.599998","49","1621286016"
"-M_uzoJyVIGtsyATpEoJ","32","89.599998","49","1621286018"
"-M_uzofd5Q38kP7qjWxk","32","89.599998","49","1621286019"
"-M_uzpPKVtAS9r8E6i8f","32","89.599998","49","1621286021"
"-M_uzpklcmvO3y10Oi1v","32","89.599998","49","1621286024"
"-M_uzq6BOi4tiZPhccB9","32","89.599998","49","1621286025"
"-M_uzqSbqMLbgXGht07o","32","89.599998","49","1621286027"
"-M_uzqo6KIUPva2QIGHl","32","89.599998","49","1621286028"
"-M_uzrAFVNhqxbCxOSry","32","89.599998","49","1621286030"
"-M_uzrWfTFTCnBaQePvP","32","89.599998","49","1621286031"
"-M_uzrs6HjyIxn4TZkLw","32","89.599998","49","1621286032"
"-M_uzsDY3A43q4s1SpGz","32","89.599998","49","1621286034"
"-M_uzsZznZQXefSeu4ub","32","89.599998","49","1621286035"
"-M_uzsvPndAhzSf2td51","32","89.599998","49","1621286037"
"-M_uztGrTRCa_NjMPS2_","32","89.599998","49","1621286038"
"-M_uztcGxaFNEeYKXVG9","32","89.599998","49","1621286040"
"-M_uzu26oHdB5t5MhgD-","32","89.599998","49","1621286041"
"-M_uzuOXlX_nIjPR6gzy","32","89.599998","49","1621286043"
"-M_uzujwyYyLwFGnLg7f","32","89.599998","49","1621286044"
"-M_uzv5LvXve8qVO_fs1","32","89.599998","49","1621286046"
"-M_uzvRmOoA46gGjoCyB","32","89.599998","49","1621286047"
"-M_uzvnEaoLJoNWpbBui","32","89.599998","49","1621286049"
"-M_uzw8gcNf6a1W_75QQ","32","89.599998","49","1621286050"
"-M_uzwV5f7sM7XqFoU2x","32","89.599998","49","1621286051"
"-M_uzxCfLvlXCaCyTM8z","32","89.599998","49","1621286053"
"-M_uzxZbMB9XR62LxVDL","32","89.599998","49","1621286056"
"-M_uzxvAuZnFaBf4Vhcy","32","89.599998","49","1621286057"
"-M_uzyGiQiygttmzrbbo","32","89.599998","49","1621286059"
"-M_uzycEoaDRHPNbqf0i","32","89.599998","49","1621286060"
"-M_uzyyquB3WDn797tOd","32","89.599998","49","1621286062"
"-M_uzzKYM27tyCSHKbzI","32","89.599998","49","1621286063"
"-M_uzzgGe6UokKdGodgy","32","89.599998","49","1621286064"
"-M_v--1qtEyg66Nf19Qu","32","89.599998","49","1621286066"
"-M_v--OQtIGsuDh1kDaj","32","89.599998","49","1621286067"
"-M_v--k-ftsC6LVwLTn-","32","89.599998","49","1621286069"
"-M_v-05YzLhnOYQG67pE","32","89.599998","49","1621286070"
"-M_v-0S6Mq3ec9SiWhTs","32","89.599998","49","1621286072"
"-M_v-0ng8ekAWbiMrh9o","32","89.599998","49","1621286073"
"-M_v-1PMlh6SzZiO7bax","32","89.599998","49","1621286076"
"-M_v-21JEcDr6OU4NAZl","32","89.599998","49","1621286078"
"-M_v-2cq5EPvJ4Hl_HbK","32","89.599998","49","1621286081"
"-M_v-3ETh2vcWiuUftc0","32","89.599998","49","1621286083"
"-M_v-3fk1aPmrfr_UVpt","32","89.599998","49","1621286086"
"-M_v-42n9rLgVNJ-O9R-","32","89.599998","49","1621286087"
"-M_v-4PRZT-X6hJ8NVc-","32","89.599998","49","1621286089"
"-M_v-4kzQ9jZuD08SxC7","32","89.599998","49","1621286090"
"-M_v-56XKtjobF-dz0ze","32","89.599998","49","1621286092"
"-M_v-5TIgAlxMpc50NdU","32","89.599998","49","1621286093"
"-M_v-5ot_VzIlk3dwMfE","32","89.599998","49","1621286095"
"-M_v-6AQ8S_JSajuHX9Q","32","89.599998","49","1621286096"
"-M_v-6X0ypuD9nDfAG43","32","89.599998","49","1621286097"
"-M_v-6sa-6WVpWL-IJz0","32","89.599998","49","1621286099"
"-M_v-7E95vAAzRQzagsv","32","89.599998","49","1621286100"
"-M_v-7_iRVZX8rXsrZRZ","32","89.599998","49","1621286102"
"-M_v-7wPNtssIvuaesI1","32","89.599998","49","1621286103"
"-M_v-8I5P3caLEr2DRaq","32","89.599998","49","1621286105"
"-M_v-8dhKphQC3Ej4zxd","32","89.599998","49","1621286106"
"-M_v-9-HicXaQoxfd0Dk","32","89.599998","49","1621286108"
"-M_v-9LrVu-6mBGu1jyZ","32","89.599998","49","1621286109"
"-M_v-9hRjeHTTaEM6_EC","32","89.599998","49","1621286110"
"-M_v-A31yamhyAKuQjtn","32","89.599998","49","1621286112"
"-M_v-APeoqtE3jGitS9M","32","89.599998","49","1621286113"
"-M_v-AlFmAkQM2FtteGe","32","89.599998","49","1621286115"
"-M_v-B6qwTSNzFnP-H4_","32","89.599998","49","1621286116"
"-M_v-BTPpkvUeyxOvDS-","32","89.599998","49","1621286118"
"-M_v-BoyALClp_Q9vr3R","32","89.599998","49","1621286119"
"-M_v-CAW_xRhkbKfB1Xn","32","89.599998","49","1621286121"
"-M_v-CX5ExFsRLhIb1b5","32","89.599998","49","1621286122"
"-M_v-Csd6UXBYX47N6cH","32","89.599998","49","1621286124"
"-M_v-DEDnw6lkeMzr4TK","32","89.599998","49","1621286125"
"-M_v-D_lFF0B6UDawDzj","32","89.599998","49","1621286126"
"-M_v-DwLycBjN2duOv99","32","89.599998","49","1621286128"
"-M_v-EHvW_BnRY7v3Sq5","32","89.599998","49","1621286129"
"-M_v-EdR7-4PNqSic1sd","32","89.599998","49","1621286131"
"-M_v-F-3onkIZdWMARmr","32","89.599998","49","1621286132"
"-M_v-FLcrb2bhCMv6bqZ","32","89.599998","49","1621286134"
"-M_v-FhB_9mtHpAQv3i_","32","89.599998","49","1621286135"
"-M_v-G2kzR_DhR7crTn5","32","89.599998","49","1621286137"
"-M_v-GPI1flr9tpop-lX","32","89.599998","49","1621286138"
"-M_v-Gkrd1cS3cBAsoce","32","89.599998","49","1621286139"
"-M_v-H6SYFD_zCF0H6if","32","89.599998","49","1621286141"
"-M_v-HT-zgNzVZklYe_S","32","89.599998","49","1621286142"
"-M_v-HoZVh05Q16j8sHD","32","89.599998","49","1621286144"
"-M_v-IA7bcZvZ1QSL_B_","32","89.599998","49","1621286145"
"-M_v-IliugxHR4kphFyD","32","89.599998","49","1621286148"
"-M_v-JBf8IMR_mwMaUzQ","32","89.599998","49","1621286149"
"-M_v-JYG_mbEWD_JFI4m","32","89.599998","49","1621286150"
"-M_v-JtooDNgIJy1_lXp","32","89.599998","49","1621286152"
"-M_v-KFPD9P4lX06dMar","32","89.599998","49","1621286153"
"-M_v-Kb-BzPCRThQUHUN","32","89.599998","49","1621286155"
"-M_v-KxY7cRGmNU8yBNa","32","89.599998","49","1621286156"
"-M_v-LJ5LZwvfmZnLD7R","32","89.599998","49","1621286157"
"-M_v-Legk6Ugi_DBSHwx","32","89.599998","49","1621286159"
"-M_v-M0KjqbKX2lsvMRs","32","89.599998","49","1621286160"
"-M_v-MMsKNTbLAallhLb","32","89.599998","49","1621286162"
"-M_v-MiVhqIliZZY0Bkv","32","89.599998","49","1621286163"
"-M_v-N44GoLK4IhcbVKV","32","89.599998","49","1621286165"
"-M_v-NQdOhP_kSds5psb","32","89.599998","49","1621286166"
"-M_v-NmEMWNuIEMuhm-c","32","89.599998","49","1621286168"
"-M_v-O7nU9koCRgZpxxG","32","89.599998","49","1621286169"
"-M_v-OUMR3QpPjeKJo7E","32","89.599998","49","1621286170"
"-M_v-Oq0QiMI4uz-tRYz","32","89.599998","49","1621286172"
"-M_v-PBa-a5chua-NWtc","32","89.599998","49","1621286173"
"-M_v-PY8BwlqNyDipXZ1","32","89.599998","49","1621286175"
"-M_v-PtgA4V50zLLGlaA","32","89.599998","49","1621286176"
"-M_v-QFGKRa1jC8dZgmy","32","89.599998","49","1621286178"
"-M_v-Qesy1m1ClrD5Ayi","32","89.599998","49","1621286179"
"-M_v-R0ThnN1MvGd7OKf","32","89.599998","49","1621286181"
"-M_v-RN3kmWTigpxK6fj","32","89.599998","49","1621286182"
"-M_v-RibiXowYI8WnlL6","32","89.599998","49","1621286184"
"-M_v-S4C-GQLbQuMB51t","32","89.599998","49","1621286185"
"-M_v-SQoy6RL1A25iE5r","32","89.599998","49","1621286187"
"-M_v-SmNBC_aRIOjKCyu","32","89.599998","49","1621286188"
"-M_v-T7wSU01t32DT4kX","32","89.599998","49","1621286190"
"-M_v-TUYM0JeAwdVRwZ9","32","89.599998","49","1621286191"
"-M_v-Tq9EWBRBj48vASf","32","89.599998","49","1621286192"
"-M_v-UBio1ystqytJw8r","32","89.599998","49","1621286194"
"-M_v-UYJxlhNF1Jfr0GI","32","89.599998","49","1621286195"
"-M_v-UtrEv1GZdOBU4OE","32","89.599998","49","1621286197"
"-M_v-VFRaEctYckJQ2jO","32","89.599998","49","1621286198"
"-M_v-Vaypvdf6zcaw_Ms","32","89.599998","49","1621286200"
"-M_v-VxXU_mqh5c6EvPt","32","89.599998","49","1621286201"
"-M_v-WJ3E7Oab_xbpSoX","32","89.599998","49","1621286203"
"-M_v-WeeprdMyeiH4vTB","32","89.599998","49","1621286204"
"-M_v-XMO1t4Ttgxyeksr","32","89.599998","49","1621286205"
"-M_v-XhwovZ8qUxjhgLO","32","89.599998","49","1621286208"
"-M_v-Y5F7izK35sO6RqZ","32","89.599998","49","1621286210"
"-M_v-YRp-3mns_s_yqBj","32","89.599998","49","1621286211"
"-M_v-YnOx7u24-wBWue9","32","89.599998","49","1621286212"
"-M_v-Z8xgfKDlJa4SGhu","32","89.599998","49","1621286214"
"-M_v-ZVV53FcjZvRtLEs","32","89.599998","49","1621286215"
"-M_v-Zr3sCFzmQa90Uzy","32","89.599998","49","1621286217"
"-M_v-_Ca_A-YEu0uMUE9","32","89.599998","49","1621286218"
"-M_v-_Z7c2E_86UQkx-3","32","89.599998","49","1621286220"
"-M_v-_uhZWYdKOULElNG","32","89.599998","49","1621286221"
"-M_v-aGGOFummwb6uBEw","32","89.599998","49","1621286223"
"-M_v-abs4UxoYvoM6zl-","32","89.599998","49","1621286224"
"-M_v-ayPnBFXhAtQBvRY","32","89.599998","49","1621286225"
"-M_v-bJzrklbs3suaTzy","32","89.599998","49","1621286227"
"-M_v-bfZa3QddJyaYuW2","32","89.599998","49","1621286228"
"-M_v-c17Hbf_i4ZpGIbK","32","89.599998","49","1621286230"
"-M_v-cNgp32Nwc7VLDj1","32","89.599998","49","1621286231"
"-M_v-cjDGbWhSGTqvAw5","32","89.599998","49","1621286233"
"-M_v-dR5mJ98UuGwM3JV","32","89.599998","49","1621286234"
"-M_v-dm_WRTehxNSTymh","32","89.599998","49","1621286237"
"-M_v-e81NRWsiOgwwyFL","32","89.599998","49","1621286238"
"-M_v-eUWzGjf_f3yLK5D","32","89.599998","49","1621286240"
"-M_v-eq0L9KlkaGvaErQ","32","89.599998","49","1621286241"
"-M_v-fBV3wGRcgCjQz4w","32","89.599998","49","1621286243"
"-M_v-fXyvO20bKhe49Vo","32","89.599998","49","1621286244"
"-M_v-ftQuBkGbfu2S9Va","32","89.599998","49","1621286246"
"-M_v-gEyApU4hnpPGK3M","32","89.599998","49","1621286247"
"-M_v-gaSJnixAKPveknm","32","89.599998","49","1621286249"
"-M_v-gwuNziehw_iNU70","32","89.599998","49","1621286250"
"-M_v-hIONnn6OueVFzp9","32","89.599998","49","1621286251"
"-M_v-hdrFHKXaWe4KY38","32","89.599998","49","1621286253"
"-M_v-i-Nn33P_Lghfjv1","32","89.599998","49","1621286254"
"-M_v-iLrwLJwiwwMaVz5","32","89.599998","49","1621286256"
"-M_v-ihLMddFE0VyLCNm","32","89.599998","49","1621286257"
"-M_v-j2quZbgwllDP1l2","32","89.599998","49","1621286259"
"-M_v-jPIs2zePd4wUCFN","32","89.599998","49","1621286260"
"-M_v-jknWaDLzp2dcTj1","32","89.599998","49","1621286261"
"-M_v-k6I468pgEsa5agM","32","89.599998","49","1621286263"
"-M_v-kSk_GKV7YxX2n0B","32","89.599998","49","1621286264"
"-M_v-koCQeh4ga7FDqWD","32","89.599998","49","1621286266"
"-M_v-l9gSIrpqjSJueOB","32","89.599998","49","1621286267"
"-M_v-lWCglbaz7HzmTwt","32","89.599998","49","1621286269"
"-M_v-ltFUXOZJleO7kyt","32","89.599998","49","1621286271"
"-M_v-mEmM-QBB0YLLGKq","32","89.599998","49","1621286272"
"-M_v-maFbPy3VPZXA5le","32","89.599998","49","1621286273"
"-M_v-mwjfpxhPEwlaIef","32","89.599998","49","1621286275"
"-M_v-nIE7S6NkUODGmxi","32","89.599998","49","1621286276"
"-M_v-nnuAWmXmhD5LY25","32","89.599998","49","1621286278"
"-M_v-o9Nbbp1QJWi6z3L","32","89.599998","49","1621286280"
"-M_v-oVr7mpR6zTD15VB","32","89.599998","49","1621286281"
"-M_v-orK54Qlpk6EBma-","32","89.599998","49","1621286283"
"-M_v-pCodI26k3m0329U","32","89.599998","49","1621286284"
"-M_v-pZJP6z7boCI3_Nx","32","89.599998","49","1621286286"
"-M_v-punWdycCqhO6Bi5","32","89.599998","49","1621286287"
"-M_v-qGHJd6Sd4MITgKg","32","89.599998","49","1621286289"
"-M_v-qbk1YmMf7cJ2Zd4","32","89.599998","49","1621286290"
"-M_v-qyBmnAB6MJgxTVs","32","89.599998","49","1621286291"
"-M_v-rJe5mvqSdnW14aP","32","89.599998","49","1621286293"
"-M_v-rf7p5JERwfRYYDD","32","89.599998","49","1621286294"
"-M_v-s0_BF3dn8_D9I7_","32","89.599998","49","1621286296"
"-M_v-sN0c0daoAIqvVlG","32","89.599998","49","1621286297"
"-M_v-siWWX54_4I1IxUH","32","89.599998","49","1621286299"
"-M_v-t40iSOhR_iUee02","32","89.599998","49","1621286300"
"-M_v-tQVtkvtrCITDz0k","32","89.599998","49","1621286301"
"-M_v-tm0StTh1VpWA1Ig","32","89.599998","49","1621286303"
"-M_v-u7W3mG5WQuY1-xl","32","89.599998","49","1621286304"
"-M_v-uU-ooBN5yEARl10","32","89.599998","49","1621286306"
"-M_v-upT6gh2Y8yCYn6L","32","89.599998","49","1621286307"
"-M_v-vBCVu6N7D72CJYG","32","89.599998","49","1621286309"
"-M_v-vXhrgqmCoTSa3rw","32","89.599998","49","1621286310"
"-M_v-vtCh3_rQfJV1C57","32","89.599998","49","1621286312"
"-M_v-wEgqOlzTmcJzOBp","32","89.599998","49","1621286313"
"-M_v-waADIqO8k3zgARz","32","89.599998","49","1621286314"
"-M_v-wwcieBcUt45JZGT","32","89.599998","49","1621286316"
"-M_v-xI8cWonsz8cMCfH","32","89.599998","49","1621286317"
"-M_v-xddKBYD4qcfhBdP","32","89.599998","49","1621286319"
"-M_v-y-3wNL-OvcJA1nP","32","89.599998","49","1621286320"
"-M_v-yLatAPHhcyo4xkH","32","89.599998","49","1621286322"
"-M_v-yh3zYRBvwRFWdxy","32","89.599998","49","1621286323"
"-M_v-z2raEszQslTCORZ","32","89.599998","49","1621286325"
"-M_v-zPS2RYwuR8ReSRA","32","89.599998","49","1621286326"
"-M_v-zkvMjVCvXUUZoGY","32","89.599998","49","1621286327"
"-M_v0-6M2Y9XhitZf1ac","32","89.599998","49","1621286329"
"-M_v0-Sm7JK00Rh4CA0-","32","89.599998","49","1621286330"
"-M_v0-pqWh9J_kbM-oEI","32","89.599998","49","1621286332"
"-M_v00BIs66BD1gOacUz","32","89.599998","49","1621286333"
"-M_v00Xm7JIdNJs4us-e","32","89.599998","49","1621286334"
"-M_v00tE0ZF4t74r8BLH","32","89.599998","49","1621286336"
"-M_v01Ehajd4aQ-hyc6a","32","89.599998","49","1621286337"
"-M_v01aAe3XqzN2lMd1y","32","89.599998","49","1621286339"
"-M_v01wfwqlbH9HZDd3E","32","89.599998","49","1621286340"
"-M_v02I9BW364jQ2ZJcZ","32","89.599998","49","1621286342"
"-M_v02dd4wSaMaOTJcRI","32","89.599998","49","1621286343"
"-M_v03-7ThYt5e-QyxSz","32","89.599998","49","1621286345"
"-M_v03LasrweM9oBKvLo","32","89.599998","49","1621286346"
"-M_v03h3YqvgLGYVKuXY","32","89.599998","49","1621286347"
"-M_v042ZCrdgkPFmu_QN","32","89.599998","49","1621286349"
"-M_v04P3JE2Rbv1r-jv9","32","89.599998","49","1621286350"
"-M_v04kWdurCuwxs8l0c","32","89.599998","49","1621286352"
"-M_v0560V0HDDKxowuGa","32","89.599998","49","1621286353"
"-M_v05STizRs1_-rWfyd","32","89.599998","49","1621286355"
"-M_v05nwQjw5-EtoA3H7","32","89.599998","49","1621286356"
"-M_v069OO09WEGqTt7w-","32","89.599998","49","1621286358"
"-M_v06VqHMb6RIY5zLCY","32","89.599998","49","1621286359"
"-M_v06rIDN3rZjpOSMjj","32","89.599998","49","1621286360"
"-M_v07ClXqSJxb4Ivm-F","32","89.599998","49","1621286362"
"-M_v07ZEs3moX07r-AyI","32","89.599998","49","1621286363"
"-M_v07uhV27iG2wEydH5","32","89.599998","49","1621286365"
"-M_v08GBRV2TOv9CE4Mw","32","89.599998","49","1621286366"
"-M_v08bdGEw7j2JNaQLs","32","89.599998","48","1621286368"
"-M_v08y8dSOUsdv8pMEu","32","89.599998","48","1621286369"
"-M_v09JakyIH53NJ_yOf","32","89.599998","48","1621286370"
"-M_v09f-Cc1HC8ktgLxN","32","89.599998","48","1621286372"
"-M_v0A0TeyjpMGsLlsd5","32","89.599998","48","1621286373"
"-M_v0AMvIYZSbH6zy84_","32","89.599998","48","1621286375"
